label,train_end,test_start,test_end,n_train,n_test,r2,rmse
test_2016_2021,2015,2016,2021,914,209,0.8085510202277761,0.5246399927363671
test_2019_2025,2018,2019,2025,1021,236,0.8078451999853221,0.5359849571224592
window_spring_2016_2021,2015,2016,2021,914,164,0.8420589000653093,0.47452086655417686
window_winter_2016_2021,2015,2016,2021,914,45,0.5426116609985254,0.6765724045191183
